{"cameraMode":{"drawMode":0,"name":"Shaded","section":"Shading Mode"},"sceneLighting":false,"audioPlay":false,"sceneViewState":{"m_AlwaysRefresh":false,"showFog":true,"showSkybox":false,"showFlares":true,"showImageEffects":true,"showParticleSystems":true,"showVisualEffectGraphs":true,"m_FxEnabled":true},"in2DMode":false,"pivot":{"x":-0.016073867678642274,"y":-0.03720337152481079,"z":0.05151048302650452},"rotation":{"x":0.26035523414611819,"y":-0.43676599860191347,"z":0.13372859358787538,"w":0.8507490158081055},"size":0.4373418986797333,"orthographic":false}